type;id;last_message_id;avatar
c4c2d0b6-bdd2-4b6a-9817-4225f9bc64e4;amidst jiggle;among angrily safely;swelter
5c88909e-6b70-402c-86f5-5f82892c0ed5;impossible spear;hepatitis;sure-footed
5dc7342e-9b14-4b49-89ed-1fb8090d1c94;catch eek gee;of indeed bowling;department
e21ba4bd-70f0-4935-b72a-8d53ac4551c6;brightly;babyish grave;crest diligent shipper
170567e1-a4b0-4bf5-bd55-15812b977c38;innovation;access jive granny;wisely cleave
24944faa-6cf1-492d-8038-321a8e48ea19;wearily stall though;deliquesce obstruct;down
fd38f251-f682-473f-b160-73bf6c3550fa;athwart;satirize;off gloat
e50ab251-2716-47c5-8b42-9b99252e0013;safely quaintly;whoa pushy anxiously;onto
a86571a3-f1d1-4513-96fc-4b7dd176cb2e;veto gee;scramble merrily though;oblong
56e93f24-dd57-4559-950c-33117c827403;now bah;which;ouch what
