id;login;first_name;last_name;email;image_url;activated;lang_key
0a27db7b-5967-4a75-add7-138bb138799a;"HV";Aleen;Bayer;Mustafa16@hotmail.com;pfft pack;true;er elevati
7a086915-5a8c-4d1a-9c2f-1b49d0204768;"vk@5TybO\HjdA\meT5DjV\uyZLGr";Genoveva;Hoppe;Chase99@yahoo.com;whoa wilt;false;eminent
a5ecba8e-d4c1-4da8-9373-560045cee7f4;"zC";Rachael;Zemlak;Percival.Stark20@hotmail.com;concrete;false;upward lea
298ab3a2-555a-40ef-a6b7-1b251d442549;"X2X@C\u5\;m3ctR\m48SrPm";Matteo;Armstrong;Kaley.Goldner@yahoo.com;stake;false;wonderfull
2d730915-07c6-4c9f-ad2a-6991e8a3123d;"9NXL.A";Cordie;Schuppe;Josianne29@hotmail.com;jubilantly geez;true;in serenad
4e077810-f786-4f20-9354-73cea292af6e;"76cd";Stuart;Skiles;Joanny.Fisher13@yahoo.com;quinoa foolishly certainly;true;than bah
74392133-85bd-46e1-a990-36576169cb48;"RA@ML\wtsX\Ywqg\?G\6gv5\MGZn";Hazel;Ratke;Donald_Ryan12@hotmail.com;as declaration;false;deflect br
78189979-908f-4da9-af24-44f1ea03a2b3;"6m@ISCT\ecfpUHN\YjM";Kaylin;Macejkovic;Christopher37@yahoo.com;questioningly fray;true;ad
d9cdb543-5595-44ac-9a5c-7e8e042fb883;"6as4";Destiney;Dickens;Ocie76@hotmail.com;wolf idle absent;false;poor
8d877d19-dfe7-4bd2-beb3-a2b3ee36b536;"DeU}HW@90kPF\<L\MNp\F8p4-G\Zo\-ypdCOg";Teresa;Oberbrunner;Elton_Monahan36@gmail.com;apricot tenderly wisecrack;false;within edi
